<?xml version="1.0" encoding="UTF-8" ?>
<!DOCTYPE mapper
  PUBLIC "-//mybatis.org//DTD Mapper 3.0//EN"
  "https://mybatis.org/dtd/mybatis-3-mapper.dtd">
  
<mapper namespace="com.kh.carlpion.admin.model.dao.RentCarMapper">

	<select id="checkCarNo"
			parameterType="_int"
			resultType="string">
		SELECT
			CAR_ID
		FROM
			CP_RENTAL_CAR
		WHERE 
			CAR_NO = #{carNo}
		AND
			STATUS = 'Y'
	</select>

	<select id="checkCarId"
			parameterType="string"
			resultType="_int">
		SELECT
			COUNT(*)
		FROM
			CP_RENTAL_CAR
		WHERE 
			CAR_ID = #{carId}
		AND
			STATUS = 'Y'
	</select>
	
	
	<insert id="setRentCar"
			parameterType="com.kh.carlpion.admin.model.dto.RentCarDTO">
		INSERT INTO
			CP_RENTAL_CAR(
				CAR_ID,
				MODEL_NO,
				PARKING_ID,
				ENROLL_DATE
			)
		VALUES(
			#{carId}
			, #{modelNo}
			, #{parkingId}
			, SYSDATE
		)
	</insert>
	
	<update id="updateRentCar"
			parameterType="com.kh.carlpion.admin.model.dto.RentCarDTO">
		UPDATE
			CP_RENTAL_CAR
		SET
			CAR_ID = #{carId}
			, MODEL_NO = #{modelNo}
			, PARKING_ID = #{parkingId}
			, ENROLL_DATE = SYSDATE
		WHERE
			CAR_NO = #{carNo}
	</update>

	<select id="rentCarCount"
			resultType="_int">
		SELECT
			COUNT(*)
		FROM 
			CP_RENTAL_CAR
		WHERE
			STATUS = 'Y'
	</select>
	

	
	<resultMap id="rentCarResultMap" type="com.kh.carlpion.admin.model.dto.RentCarDTO">
	
		<id column="CAR_NO" property="carNo"/>
		<id column="CAR_ID" property="carId"/>
		<id column="MODEL_NO" property="modelNo"/>
		<id column="PARKING_ID" property="parkingId"/>
		<result column="ENROLL_DATE" property="enrollDate"/>
		
		<association property="carModel" javaType="com.kh.carlpion.admin.model.dto.CarModelDTO">
			<result column="CAR_MODEL" property="carModel"/>
			<result column="RENT_PRICE" property="rentPrice"/>
			<result column="HOUR_PRICE" property="hourPrice"/>
			<result column="CHARGE_TYPE" property="chargeType"/>
			<result column="SEAT_COUNT" property="seatCount"/>
			<result column="CAR_IMG_URL" property="imgURL"/>
		</association>
		
		<association property="parking" javaType="com.kh.carlpion.parking.model.dto.ParkingDTO">
			<result column="PARKING_TITLE" property="parkingTitle"/>
			<result column="PARKING_ADDR" property="parkingAddr"/>
			<result column="LAT" property="lat"/>
			<result column="LOT" property="lot"/>
		</association>
		
	</resultMap>
	
	<select id="getRentCarList"
			resultMap="rentCarResultMap">
		SELECT
			C.CAR_NO CAR_NO
			, C.CAR_ID CAR_ID
			, C.MODEL_NO MODEL_NO
			, C.PARKING_ID PARKING_ID
			, C.ENROLL_DATE ENROLL_DATE
			, M.CAR_MODEL CAR_MODEL
			, M.RENT_PRICE RENT_PRICE
			, M.HOUR_PRICE HOUR_PRICE
			, M.CHARGE_TYPE CHARGE_TYPE
			, M.SEAT_COUNT SEAT_COUNT
			, M.CAR_IMG_URL CAR_IMG_URL
			, P.PARKING_TITLE PARKING_TITLE
			, P.PARKING_ADDR PARKING_ADDR
			, P.LAT LAT
			, P.LOT LOT
		FROM
			CP_RENTAL_CAR C
		JOIN
			CP_RENTAL_CAR_MODEL M ON (C.MODEL_NO = M.MODEL_NO)
		JOIN
			CP_PARKING_INFO P ON (C.PARKING_ID = P.PARKING_ID)
		WHERE
			C.STATUS = 'Y'
		ORDER BY 
			C.ENROLL_DATE DESC
	</select>
	
	
	<resultMap id="reservationRentCarResultMap" type="com.kh.carlpion.admin.model.dto.RentCarDTO">
	
		<id column="CAR_NO" property="carNo"/>
		<id column="CAR_ID" property="carId"/>
		<id column="MODEL_NO" property="modelNo"/>
		<id column="PARKING_ID" property="parkingId"/>
		<result column="ENROLL_DATE" property="enrollDate"/>
		
		<association property="carModel" javaType="com.kh.carlpion.admin.model.dto.CarModelDTO">
			<result column="CAR_MODEL" property="carModel"/>
			<result column="RENT_PRICE" property="rentPrice"/>
			<result column="HOUR_PRICE" property="hourPrice"/>
			<result column="CHARGE_TYPE" property="chargeType"/>
			<result column="SEAT_COUNT" property="seatCount"/>
			<result column="CAR_IMG_URL" property="imgURL"/>
		</association>
		
		<association property="parking" javaType="com.kh.carlpion.parking.model.dto.ParkingDTO">
			<result column="PARKING_TITLE" property="parkingTitle"/>
			<result column="PARKING_ADDR" property="parkingAddr"/>
			<result column="LAT" property="lat"/>
			<result column="LOT" property="lot"/>
		</association>
		
		<association property="reservationRental" javaType="com.kh.carlpion.rental.model.dto.ReservationDateDTO">
			<result column="RESERVATION_ID" property="reservationId"/>
			<result column="RENTAL_DATE" property="rentalDate"/>
			<result column="RETURN_DATE" property="returnDate"/>
		</association>
		
	</resultMap>
	
	<select id="getRentCarListByAddr"
			resultMap="reservationRentCarResultMap"
			parameterType="string">
		SELECT
			C.CAR_NO CAR_NO
			, C.CAR_ID CAR_ID
			, C.MODEL_NO MODEL_NO
			, C.PARKING_ID PARKING_ID
			, C.ENROLL_DATE ENROLL_DATE
			, M.CAR_MODEL CAR_MODEL
			, M.RENT_PRICE RENT_PRICE
			, M.HOUR_PRICE HOUR_PRICE
			, M.CHARGE_TYPE CHARGE_TYPE
			, M.SEAT_COUNT SEAT_COUNT
			, M.CAR_IMG_URL CAR_IMG_URL
			, P.PARKING_TITLE PARKING_TITLE
			, P.PARKING_ADDR PARKING_ADDR
			, P.LAT LAT
			, P.LOT LOT
			, R.RESERVATION_ID RESERVATION_ID
			, R.RENTAL_DATE RENTAL_DATE
			, R.RETURN_DATE RETURN_DATE
		FROM
			CP_RENTAL_CAR C
		JOIN
			CP_RENTAL_CAR_MODEL M ON (C.MODEL_NO = M.MODEL_NO)
		JOIN
			CP_PARKING_INFO P ON (C.PARKING_ID = P.PARKING_ID)
		LEFT JOIN 
			(
				SELECT 
					* 
				FROM 
					CP_RENTAL_RESERVATION 
				WHERE 
					RENTAL_DATE &lt; TO_DATE(#{returnDate}, 'YY/MM/DD HH24')
			    AND
			    	RETURN_DATE &gt; TO_DATE(#{rentalDate}, 'YY/MM/DD HH24')
			) R ON (C.CAR_NO = R.CAR_NO)
		WHERE 
			P.PARKING_ADDR LIKE '%' || #{parkingAddr} || '%'
		AND
			C.STATUS = 'Y'
		ORDER BY 
			C.ENROLL_DATE DESC
	</select>
	
	
	
	
	
	<select id="getRentalListByParkingId"
			resultMap="reservationRentCarResultMap"
			parameterType="string">
		SELECT
			C.CAR_NO CAR_NO
			, C.CAR_ID CAR_ID
			, C.MODEL_NO MODEL_NO
			, C.PARKING_ID PARKING_ID
			, C.ENROLL_DATE ENROLL_DATE
			, M.CAR_MODEL CAR_MODEL
			, M.RENT_PRICE RENT_PRICE
			, M.HOUR_PRICE HOUR_PRICE
			, M.CHARGE_TYPE CHARGE_TYPE
			, M.SEAT_COUNT SEAT_COUNT
			, M.CAR_IMG_URL CAR_IMG_URL
			, P.PARKING_TITLE PARKING_TITLE
			, P.PARKING_ADDR PARKING_ADDR
			, P.LAT LAT
			, P.LOT LOT
			, R.RESERVATION_ID RESERVATION_ID
			, R.RENTAL_DATE RENTAL_DATE
			, R.RETURN_DATE RETURN_DATE
		FROM
			CP_RENTAL_CAR C
		JOIN
			CP_RENTAL_CAR_MODEL M ON (C.MODEL_NO = M.MODEL_NO)
		JOIN
			CP_PARKING_INFO P ON (C.PARKING_ID = P.PARKING_ID)
		LEFT JOIN (
			SELECT 
				* 
			FROM 
				CP_RENTAL_RESERVATION 
			WHERE 
				RENTAL_DATE &lt; TO_DATE(#{returnDate}, 'YYYY/MM/DD HH24')
			AND
			    RETURN_DATE &gt; TO_DATE(#{rentalDate}, 'YYYY/MM/DD HH24')
			) R ON (C.CAR_NO = R.CAR_NO)
		WHERE 
			C.PARKING_ID = #{parkingId}
		AND
			C.STATUS = 'Y'
		ORDER BY 
			C.ENROLL_DATE DESC
	</select>
	
	
	<select id="getRentalListByCarNo"
			resultMap="reservationRentCarResultMap"
			parameterType="_int">
		SELECT
			C.CAR_NO CAR_NO
			, C.CAR_ID CAR_ID
			, C.MODEL_NO MODEL_NO
			, C.PARKING_ID PARKING_ID
			, C.ENROLL_DATE ENROLL_DATE
			, M.CAR_MODEL CAR_MODEL
			, M.RENT_PRICE RENT_PRICE
			, M.HOUR_PRICE HOUR_PRICE
			, M.CHARGE_TYPE CHARGE_TYPE
			, M.SEAT_COUNT SEAT_COUNT
			, M.CAR_IMG_URL CAR_IMG_URL
			, P.PARKING_TITLE PARKING_TITLE
			, P.PARKING_ADDR PARKING_ADDR
			, P.LAT LAT
			, P.LOT LOT
			, R.RESERVATION_ID RESERVATION_ID
			, TO_CHAR(RENTAL_DATE, 'YYYY-MM-DD HH24:MI:SS') RENTAL_DATE
			, TO_CHAR(RETURN_DATE, 'YYYY-MM-DD HH24:MI:SS') RETURN_DATE
		FROM
			CP_RENTAL_CAR C
		JOIN
			CP_RENTAL_CAR_MODEL M ON (C.MODEL_NO = M.MODEL_NO)
		JOIN
			CP_PARKING_INFO P ON (C.PARKING_ID = P.PARKING_ID)
		LEFT JOIN 
			CP_RENTAL_RESERVATION R ON (C.CAR_NO = R.CAR_NO)
		WHERE 
			C.CAR_NO = #{carNo}
		AND
			C.STATUS = 'Y'
		ORDER BY 
			C.ENROLL_DATE DESC
		
			
	</select>
	
	<update id="deleteRentCarByCarNo"
			parameterType="_int">
		UPDATE
			CP_RENTAL_CAR
		SET
			STATUS = 'N'
		WHERE
			CAR_NO = #{carNo}
	</update>

</mapper>