<?xml version="1.0" encoding="UTF-8" ?>
<!DOCTYPE mapper
  PUBLIC "-//mybatis.org//DTD Mapper 3.0//EN"
  "https://mybatis.org/dtd/mybatis-3-mapper.dtd">
<mapper namespace="com.kh.carlpion.review.model.dao.ReviewMapper">
	<insert 
		id="save"
		parameterType="com.kh.carlpion.review.model.vo.ReviewVO"
		useGeneratedKeys="true"
		keyProperty="reviewNo"
		keyColumn="REVIEW_NO"
	>
		INSERT 
		  INTO	
		  		CP_REVIEW
		  	 (
			 	USER_NO
			 ,	TITLE
			 , 	CONTENT
			 )
		VALUES 
			 (
			   	#{userNo}
			 , 	#{title} 	
			 , 	#{content} 		
			 )
	</insert>
	<insert 
		id="saveFile" 
		parameterType="com.kh.carlpion.review.model.vo.ReviewVO"
	>
		INSERT
		  INTO
		  		CP_RV_FILE
		  	 (
				REVIEW_NO
			 ,	FILE_URL
			 )
		VALUES
			 (
				#{reviewNo}
			 ,	#{fileUrl}
			 )
	</insert>
	
	<select 
		id="findTotalCount" 
		resultType="_int"
	>
		SELECT
				COUNT(*)
		  FROM
		  		CP_REVIEW
		  WHERE
		  		IS_ACTIVE = 'Y'
	</select>
	<select 
		id="findAll" 
		resultType="com.kh.carlpion.review.model.dto.ReviewDTO"
	>
		SELECT 
				r.REVIEW_NO		AS	reviewNo
			 ,	r.TITLE
			 ,	r.CONTENT
 			 ,	u.NICKNAME		AS	nickName
			 ,	r.CREATE_DATE	AS	createDate
			 ,	r.COUNT
		  FROM
		  		CP_REVIEW r
		  JOIN
		  		CP_USER u 		ON 	u.USER_NO = r.USER_NO
		  JOIN
		  		CP_POINT p 		ON 	p.USER_NO = r.USER_NO	
		 WHERE	
		 		r.IS_ACTIVE = 'Y'
		 ORDER
		 	BY	
		 		r.REVIEW_NO 	DESC
	</select>
	
	<update id="updateCount">
		UPDATE
				CP_REVIEW
		   SET
		   		COUNT = COUNT + 1
		 WHERE
		 		REVIEW_NO = #{reviewNo}
	</update>
	<resultMap id="reviewMap" type="com.kh.carlpion.review.model.dto.ReviewDTO">
	  <id property="reviewNo" column="reviewNo" />
	  <result property="title" column="TITLE" />
	  <result property="content" column="CONTENT" />
	  <result property="nickName" column="nickName" />
	  <result property="createDate" column="createDate" />
	  <result property="count" column="COUNT" />
	  <result property="point" column="POINT" />
	  <result property="userLevel" column="USER_LEVEL" />
	  <collection property="fileUrls" ofType="String">
	    <result column="fileUrl" />
	  </collection>
	</resultMap>
	
	<select 
	  id="findById" 
	  parameterType="long"
	  resultMap="reviewMap"
	>
	  SELECT 
	    r.REVIEW_NO AS reviewNo,
	    r.TITLE,
	    r.CONTENT,
	    u.NICKNAME AS nickName,
	    r.CREATE_DATE AS createDate,
	    r.COUNT,
	    f.FILE_URL AS fileUrl,
	    p.POINT,
	    p.USER_LEVEL AS userLevel
	  FROM
	    CP_REVIEW r
	  JOIN
	    CP_USER u ON u.USER_NO = r.USER_NO
	  JOIN
	    CP_POINT p ON p.USER_NO = r.USER_NO
	  LEFT JOIN
	    CP_RV_FILE f ON f.REVIEW_NO = r.REVIEW_NO
	  WHERE
	    r.IS_ACTIVE = 'Y'
	    AND r.REVIEW_NO = #{reviewNo}
	</select>
		
	<select 
		id="findByUserNo"
		parameterType="long"
		resultType="long"
	>
		SELECT
				USER_NO		AS	userNo
		  FROM	
		  		CP_REVIEW
		 WHERE
		 		REVIEW_NO = #{reviewNo}	  		
	</select>
	<update 
		id="updateById"
		parameterType="com.kh.carlpion.review.model.vo.ReviewVO"
	>
		UPDATE
				CP_REVIEW
		   SET
		   		TITLE = #{title}
		   	 ,	CONTENT = #{content}
		 WHERE	
		 		REVIEW_NO = #{reviewNo}
	</update>
	<update id="softDeleteById">
		UPDATE
				CP_REVIEW
		   SET
		   		IS_ACTIVE = 'N'
		 WHERE	
		 		REVIEW_NO = #{reviewNo}
	</update>
	
	<select 
		id="findFileByAll"
		parameterType="long"
		resultType="string"
	>
		SELECT
				FILE_URL	AS	fileUrl
		  FROM	
		  		CP_RV_FILE
		 WHERE
		 		REVIEW_NO = #{reviewNo}
	</select>
	<delete id="deleteFileById">
		DELETE
		  FROM
		  		CP_RV_FILE
		 WHERE
		 		REVIEW_NO = #{reviewNo}
	</delete>
</mapper>
